{"cameraMode":{"drawMode":0,"name":"Shaded","section":"Shading Mode"},"sceneLighting":false,"audioPlay":false,"sceneViewState":{"showFog":true,"showMaterialUpdate":false,"showSkybox":false,"showFlares":true,"showImageEffects":true,"showParticleSystems":true},"in2DMode":false,"pivot":{"x":-5.740000247955322,"y":24.559999465942384,"z":14.0600004196167},"rotation":{"x":0.19223104417324067,"y":0.1232854425907135,"z":-0.024350246414542199,"w":0.9732725024223328},"size":12.377312660217286,"orthographic":false}