{"cameraMode":{"drawMode":0,"name":"Shaded","section":"Shading Mode"},"sceneLighting":true,"audioPlay":false,"sceneViewState":{"showFog":true,"showMaterialUpdate":false,"showSkybox":true,"showFlares":true,"showImageEffects":true,"showParticleSystems":true},"in2DMode":false,"pivot":{"x":28.497629165649415,"y":2.7314376831054689,"z":-3.8462142944335939},"rotation":{"x":0.20661193132400514,"y":0.27316439151763918,"z":-0.060195330530405048,"w":0.9375900626182556},"size":62.5074348449707,"orthographic":false}