{"cameraMode":{"drawMode":0,"name":"Shaded","section":"Shading Mode"},"sceneLighting":true,"audioPlay":false,"sceneViewState":{"showFog":true,"showMaterialUpdate":false,"showSkybox":true,"showFlares":true,"showImageEffects":true,"showParticleSystems":true},"in2DMode":false,"pivot":{"x":8.464251518249512,"y":7.842803001403809,"z":15.282204627990723},"rotation":{"x":0.2147364616394043,"y":0.28517818450927737,"z":-0.06572093814611435,"w":0.9317963123321533},"size":24.726848602294923,"orthographic":false}